<?xml version="1.0" encoding="UTF-8"?>
<!-- $Id$ -->
<extension type="plugin" group="ztmap" version="1.6" method="upgrade">
    <name>Xmap - Content Plugin</name>
    <author>Guillermo Vargas</author>
    <creationDate>01/26/2011</creationDate>
    <copyright>GNU GPL</copyright>
    <license>http://www.gnu.org/copyleft/gpl.html GNU/GPL</license>
    <authorEmail>guille@vargas.co.cr</authorEmail>
    <authorUrl>joomla.vargas.co.cr</authorUrl>
    <version>2.0.4</version>
    <description>XMAP_CONTENT_PLUGIN_DESCRIPTION</description>
    <files>
        <filename plugin="com_content">com_content.php</filename>
        <filename>index.html</filename>
    </files>
    <!--
	<languages folder="language">
        
        <language tag="en-GB">en-GB.plg_xmap_com_content.ini</language>
        <language tag="es-ES">es-ES.plg_xmap_com_content.ini</language>
        <language tag="fa-IR">fa-IR.plg_xmap_com_content.ini</language>
        <language tag="cs-CZ">cs-CZ.plg_xmap_com_content.ini</language>
        <language tag="nl-NL">nl-NL.plg_xmap_com_content.ini</language>
        <language tag="ru-RU">ru-RU.plg_xmap_com_content.ini</language>
    </languages> -->
    <config>
        <fields name="params">
            <fieldset name="basic">
                <field name="expand_categories" type="list" default="1" label="XMAP_SETTING_EXPAND_CATEGORIES" description="XMAP_SETTING_EXPAND_CATEGORIES_DESC">
                    <option value="0">XMAP_OPTION_NEVER</option>
                    <option value="1">XMAP_OPTION_ALWAYS</option>
                    <option value="2">XMAP_OPTION_XML_ONLY</option>
                    <option value="3">XMAP_OPTION_HTML_ONLY</option>
                </field>
                <field name="expand_featured" type="list" default="1" label="XMAP_SETTING_EXPAND_FEATURED" description="XMAP_SETTING_EXPAND_FEATURED_DESC">
                    <option value="0">XMAP_OPTION_NEVER</option>
                    <option value="1">XMAP_OPTION_ALWAYS</option>
                    <option value="2">XMAP_OPTION_XML_ONLY</option>
                    <option value="3">XMAP_OPTION_HTML_ONLY</option>
                </field>
                <field name="include_archived" type="list" default="2" label="XMAP_SETTING_INCLUDE_ARCHIVED" description="XMAP_SETTING_INCLUDE_ARCHIVED_DESC">
                    <option value="0">XMAP_OPTION_NEVER</option>
                    <option value="1">XMAP_OPTION_ALWAYS</option>
                    <option value="2">XMAP_OPTION_XML_ONLY</option>
                    <option value="3">XMAP_OPTION_HTML_ONLY</option>
                </field>
                <field name="show_unauth" type="list" default="0" label="XMAP_SETTING_SHOW_UNAUTH_LINKS" description="XMAP_SETTING_SHOW_UNAUTH_LINKS_DESC">
                    <option value="0">XMAP_OPTION_NEVER</option>
                    <option value="1">XMAP_OPTION_ALWAYS</option>
                    <option value="2">XMAP_OPTION_XML_ONLY</option>
                    <option value="3">XMAP_OPTION_HTML_ONLY</option>
                </field>
                <field name="add_pagebreaks" type="list" default="1" label="XMAP_SETTING_ADD_PAGEBREAKS_LABEL" description="XMAP_SETTING_ADD_PAGEBREAKS_DESC">
                    <option value="0">XMAP_OPTION_NEVER</option>
                    <option value="1">XMAP_OPTION_ALWAYS</option>
                    <option value="2">XMAP_OPTION_XML_ONLY</option>
                    <option value="3">XMAP_OPTION_HTML_ONLY</option>
                </field>
                <field name="max_art" type="text" default="0" label="XMAP_SETTING_MAX_ART_CAT" description="XMAP_SETTING_MAX_ART_CAT_DESC" />
                <field name="max_art_age" type="text" default="0" label="XMAP_SETTING_MAX_ART_AGE" description="XMAP_SETTING_MAX_ART_AGE_DESC" />
            </fieldset>
            <fieldset name="xml">
                <field name="add_images" type="list" default="1" label="XMAP_SETTING_ADD_IMAGES_LABEL" description="XMAP_SETTING_ADD_IMAGES_DESC">
                    <option value="1">JYES</option>
                    <option value="0">JNO</option>
                </field>
                <field name="cat_priority" type="list" default="-1" label="XMAP_SETTING_CAT_PRIORITY" description="XMAP_SETTING_CAT_PRIORITY_DESC">
                    <option value="-1">XMAP_OPTION_USE_PARENT_MENU</option>
                    <option value="0.0">0.0</option>
                    <option value="0.1">0.1</option>
                    <option value="0.2">0.2</option>
                    <option value="0.3">0.3</option>
                    <option value="0.4">0.4</option>
                    <option value="0.5">0.5</option>
                    <option value="0.6">0.6</option>
                    <option value="0.7">0.7</option>
                    <option value="0.8">0.8</option>
                    <option value="0.9">0.9</option>
                    <option value="1">1</option>
                </field>
                <field name="cat_changefreq" type="list" default="-1" label="XMAP_SETTING_CAT_CHANCE_FREQ" description="XMAP_SETTING_CAT_CHANCE_FREQ_DESC">
                    <option value="-1">XMAP_OPTION_USE_PARENT_MENU</option>
                    <option value="always">XMAP_OPTION_ALWAYS</option>
                    <option value="hourly">XMAP_OPTION_HOURLY</option>
                    <option value="daily">XMAP_OPTION_DAILY</option>
                    <option value="weekly">XMAP_OPTION_WEEKLY</option>
                    <option value="monthly">XMAP_OPTION_MONTHLY</option>
                    <option value="yearly">XMAP_OPTION_YEARLY</option>
                    <option value="never">XMAP_OPTION_NEVER</option>
                </field>
                <field name="art_priority" type="list" default="-1" label="XMAP_SETTING_ART_PRIORITY" description="XMAP_SETTING_ART_PRIORITY_DESC">
                    <option value="-1">XMAP_OPTION_USE_PARENT_MENU</option>
                    <option value="0.0">0.0</option>
                    <option value="0.1">0.1</option>
                    <option value="0.2">0.2</option>
                    <option value="0.3">0.3</option>
                    <option value="0.4">0.4</option>
                    <option value="0.5">0.5</option>
                    <option value="0.6">0.6</option>
                    <option value="0.7">0.7</option>
                    <option value="0.8">0.8</option>
                    <option value="0.9">0.9</option>
                    <option value="1">1</option>
                </field>
                <field name="art_changefreq" type="list" default="-1" label="XMAP_SETTING_ART_CHANCE_FREQ" description="XMAP_SETTING_ART_CHANCE_FREQ_DESC">
                    <option value="-1">XMAP_OPTION_USE_PARENT_MENU</option>
                    <option value="always">XMAP_OPTION_ALWAYS</option>
                    <option value="hourly">XMAP_OPTION_HOURLY</option>
                    <option value="daily">XMAP_OPTION_DAILY</option>
                    <option value="weekly">XMAP_OPTION_WEEKLY</option>
                    <option value="monthly">XMAP_OPTION_MONTHLY</option>
                    <option value="yearly">XMAP_OPTION_YEARLY</option>
                    <option value="never">XMAP_OPTION_NEVER</option>
                </field>
            </fieldset>
            <fieldset name="news">
                <field name="keywords" type="list" default="1" label="XMAP_SETTING_NEWS_KEYWORDS_LABEL" description="XMAP_SETTING_NEWS_KEYWORDS_DESC">
                    <option value="metakey">XMAP_SETTING_NEWS_KEYWORDS_METAKEYS</option>
                    <option value="category">XMAP_SETTING_NEWS_KEYWORDS_CATTITLE</option>
                    <option value="both">XMAP_SETTING_NEWS_KEYWORDS_METAKEYS_CATTITLE</option>
                    <option value="none">XMAP_SETTING_NEWS_KEYWORDS_NONE</option>
                </field>
            </fieldset>
        </fields>
    </config>
</extension>
