<?xml version="1.0" encoding="UTF-8"?>
<!-- $Id$ -->
<extension type="plugin" group="ztmap" version="1.6" method="upgrade">
    <name>Ztmap - Content Plugin</name>
    <author>Guillermo Vargas</author>
    <creationDate>01/26/2011</creationDate>
    <copyright>GNU GPL</copyright>
    <license>http://www.gnu.org/copyleft/gpl.html GNU/GPL</license>
    <authorEmail>guille@vargas.co.cr</authorEmail>
    <authorUrl>joomla.vargas.co.cr</authorUrl>
    <version>2.0.4</version>
    <description>ZTMAP_CONTENT_PLUGIN_DESCRIPTION</description>
    <files>
        <filename plugin="com_content">com_content.php</filename>
        <filename>index.html</filename>
    </files>
    <languages folder="language">
        <!--
        these files will be installed in the administrator/language folder.
        -->
        <language tag="en-GB">en-GB.plg_ztmap_com_content.ini</language>
        <language tag="es-ES">es-ES.plg_ztmap_com_content.ini</language>
        <language tag="fa-IR">fa-IR.plg_ztmap_com_content.ini</language>
        <language tag="cs-CZ">cs-CZ.plg_ztmap_com_content.ini</language>
        <language tag="nl-NL">nl-NL.plg_ztmap_com_content.ini</language>
        <language tag="ru-RU">ru-RU.plg_ztmap_com_content.ini</language>
    </languages>
    <config>
        <fields name="params">
            <fieldset name="basic">
                <field name="expand_categories" type="list" default="1" label="ZTMAP_SETTING_EXPAND_CATEGORIES" description="ZTMAP_SETTING_EXPAND_CATEGORIES_DESC">
                    <option value="0">ZTMAP_OPTION_NEVER</option>
                    <option value="1">ZTMAP_OPTION_ALWAYS</option>
                    <option value="2">ZTMAP_OPTION_XML_ONLY</option>
                    <option value="3">ZTMAP_OPTION_HTML_ONLY</option>
                </field>
                <field name="expand_featured" type="list" default="1" label="ZTMAP_SETTING_EXPAND_FEATURED" description="ZTMAP_SETTING_EXPAND_FEATURED_DESC">
                    <option value="0">ZTMAP_OPTION_NEVER</option>
                    <option value="1">ZTMAP_OPTION_ALWAYS</option>
                    <option value="2">ZTMAP_OPTION_XML_ONLY</option>
                    <option value="3">ZTMAP_OPTION_HTML_ONLY</option>
                </field>
                <field name="include_archived" type="list" default="2" label="ZTMAP_SETTING_INCLUDE_ARCHIVED" description="ZTMAP_SETTING_INCLUDE_ARCHIVED_DESC">
                    <option value="0">ZTMAP_OPTION_NEVER</option>
                    <option value="1">ZTMAP_OPTION_ALWAYS</option>
                    <option value="2">ZTMAP_OPTION_XML_ONLY</option>
                    <option value="3">ZTMAP_OPTION_HTML_ONLY</option>
                </field>
                <field name="show_unauth" type="list" default="0" label="ZTMAP_SETTING_SHOW_UNAUTH_LINKS" description="ZTMAP_SETTING_SHOW_UNAUTH_LINKS_DESC">
                    <option value="0">ZTMAP_OPTION_NEVER</option>
                    <option value="1">ZTMAP_OPTION_ALWAYS</option>
                    <option value="2">ZTMAP_OPTION_XML_ONLY</option>
                    <option value="3">ZTMAP_OPTION_HTML_ONLY</option>
                </field>
                <field name="add_pagebreaks" type="list" default="1" label="ZTMAP_SETTING_ADD_PAGEBREAKS_LABEL" description="ZTMAP_SETTING_ADD_PAGEBREAKS_DESC">
                    <option value="0">ZTMAP_OPTION_NEVER</option>
                    <option value="1">ZTMAP_OPTION_ALWAYS</option>
                    <option value="2">ZTMAP_OPTION_XML_ONLY</option>
                    <option value="3">ZTMAP_OPTION_HTML_ONLY</option>
                </field>
                <field name="max_art" type="text" default="0" label="ZTMAP_SETTING_MAX_ART_CAT" description="ZTMAP_SETTING_MAX_ART_CAT_DESC" />
                <field name="max_art_age" type="text" default="0" label="ZTMAP_SETTING_MAX_ART_AGE" description="ZTMAP_SETTING_MAX_ART_AGE_DESC" />
            </fieldset>
            <fieldset name="xml">
                <field name="add_images" type="list" default="1" label="ZTMAP_SETTING_ADD_IMAGES_LABEL" description="ZTMAP_SETTING_ADD_IMAGES_DESC">
                    <option value="1">JYES</option>
                    <option value="0">JNO</option>
                </field>
                <field name="cat_priority" type="list" default="-1" label="ZTMAP_SETTING_CAT_PRIORITY" description="ZTMAP_SETTING_CAT_PRIORITY_DESC">
                    <option value="-1">ZTMAP_OPTION_USE_PARENT_MENU</option>
                    <option value="0.0">0.0</option>
                    <option value="0.1">0.1</option>
                    <option value="0.2">0.2</option>
                    <option value="0.3">0.3</option>
                    <option value="0.4">0.4</option>
                    <option value="0.5">0.5</option>
                    <option value="0.6">0.6</option>
                    <option value="0.7">0.7</option>
                    <option value="0.8">0.8</option>
                    <option value="0.9">0.9</option>
                    <option value="1">1</option>
                </field>
                <field name="cat_changefreq" type="list" default="-1" label="ZTMAP_SETTING_CAT_CHANCE_FREQ" description="ZTMAP_SETTING_CAT_CHANCE_FREQ_DESC">
                    <option value="-1">ZTMAP_OPTION_USE_PARENT_MENU</option>
                    <option value="always">ZTMAP_OPTION_ALWAYS</option>
                    <option value="hourly">ZTMAP_OPTION_HOURLY</option>
                    <option value="daily">ZTMAP_OPTION_DAILY</option>
                    <option value="weekly">ZTMAP_OPTION_WEEKLY</option>
                    <option value="monthly">ZTMAP_OPTION_MONTHLY</option>
                    <option value="yearly">ZTMAP_OPTION_YEARLY</option>
                    <option value="never">ZTMAP_OPTION_NEVER</option>
                </field>
                <field name="art_priority" type="list" default="-1" label="ZTMAP_SETTING_ART_PRIORITY" description="ZTMAP_SETTING_ART_PRIORITY_DESC">
                    <option value="-1">ZTMAP_OPTION_USE_PARENT_MENU</option>
                    <option value="0.0">0.0</option>
                    <option value="0.1">0.1</option>
                    <option value="0.2">0.2</option>
                    <option value="0.3">0.3</option>
                    <option value="0.4">0.4</option>
                    <option value="0.5">0.5</option>
                    <option value="0.6">0.6</option>
                    <option value="0.7">0.7</option>
                    <option value="0.8">0.8</option>
                    <option value="0.9">0.9</option>
                    <option value="1">1</option>
                </field>
                <field name="art_changefreq" type="list" default="-1" label="ZTMAP_SETTING_ART_CHANCE_FREQ" description="ZTMAP_SETTING_ART_CHANCE_FREQ_DESC">
                    <option value="-1">ZTMAP_OPTION_USE_PARENT_MENU</option>
                    <option value="always">ZTMAP_OPTION_ALWAYS</option>
                    <option value="hourly">ZTMAP_OPTION_HOURLY</option>
                    <option value="daily">ZTMAP_OPTION_DAILY</option>
                    <option value="weekly">ZTMAP_OPTION_WEEKLY</option>
                    <option value="monthly">ZTMAP_OPTION_MONTHLY</option>
                    <option value="yearly">ZTMAP_OPTION_YEARLY</option>
                    <option value="never">ZTMAP_OPTION_NEVER</option>
                </field>
            </fieldset>
            <fieldset name="news">
                <field name="keywords" type="list" default="1" label="ZTMAP_SETTING_NEWS_KEYWORDS_LABEL" description="ZTMAP_SETTING_NEWS_KEYWORDS_DESC">
                    <option value="metakey">ZTMAP_SETTING_NEWS_KEYWORDS_METAKEYS</option>
                    <option value="category">ZTMAP_SETTING_NEWS_KEYWORDS_CATTITLE</option>
                    <option value="both">ZTMAP_SETTING_NEWS_KEYWORDS_METAKEYS_CATTITLE</option>
                    <option value="none">ZTMAP_SETTING_NEWS_KEYWORDS_NONE</option>
                </field>
            </fieldset>
        </fields>
    </config>
</extension>
