<?xml version="1.0" encoding="iso-8859-1"?>
<extension type="plugin" group="ztmap" version="3.0" method="upgrade">
    <name>Ztmap - Virtuemart Plugin</name>
    <author>Guillermo Vargas</author>
    <creationDate>January 2012</creationDate>
    <copyright>GNU GPL</copyright>
    <license>http://www.gnu.org/copyleft/gpl.html GNU/GPL</license>
    <authorEmail>guille@vargas.co.cr</authorEmail>
    <authorUrl>joomla.vargas.co.cr</authorUrl>
    <version>2.0.3</version>
    <description>ZTMAP_VM_PLUGIN_DESCRIPTION</description>
    <files>
        <filename plugin="com_virtuemart">com_virtuemart.php</filename>
        <filename>index.html</filename>
    </files>
    <languages folder="language">
        <!--
        these files will be installed in the administrator/language folder.
        -->
        <language tag="en-GB">en-GB.plg_ztmap_com_virtuemart.ini</language>        
    </languages>
    <config>
        <fields name="params">
            <fieldset name="basic">
                <field name="include_products" type="list" default="1" label="ZTMAP_VM_SETTING_SHOW_PRODUCTS_LABEL" description="ZTMAP_VM_SETTING_SHOW_PRODUCTS_DESC">
                    <option value="0">ZTMAP_OPTION_NEVER</option>
                    <option value="1">ZTMAP_OPTION_ALWAYS</option>
                    <option value="2">ZTMAP_OPTION_XML_ONLY</option>
                    <option value="3">ZTMAP_OPTION_HTML_ONLY</option>
                </field>
                <!-- not yet supported on Ztmap 2
                <field name="include_product_images" type="list" default="0" label="Include Product Images" description="Should we include product images in the sitemap?">
                        <option value="0">No</option>
                        <option value="1">Yes</option>
                </field>
                <field name="product_image_license_url" type="text" default="" label="Image License URL" description="URL of a page giving the license for images included in your sitemap"/>
                -->
            </fieldset>
            <fieldset name="xml">
                <field name="cat_priority" type="list" default="-1" label="ZTMAP_VM_CATEGORY_PRIORITY_LABEL" description="ZTMAP_VM_CATEGORY_PRIORITY_DESC">
                    <option value="-1">ZTMAP_OPTION_USE_PARENT_MENU</option>
                    <option value="0.0">0.0</option>
                    <option value="0.1">0.1</option>
                    <option value="0.2">0.2</option>
                    <option value="0.3">0.3</option>
                    <option value="0.4">0.4</option>
                    <option value="0.5">0.5</option>
                    <option value="0.6">0.6</option>
                    <option value="0.7">0.7</option>
                    <option value="0.8">0.8</option>
                    <option value="0.9">0.9</option>
                    <option value="1">1</option>
                </field>
                <field name="cat_changefreq" type="list" default="-1" label="ZTMAP_VM_CATEGORY_CHANGEFREQ_LABEL" description="ZTMAP_VM_CATEGORY_CHANGEFREQ_DESC">
                    <option value="-1">ZTMAP_OPTION_USE_PARENT_MENU</option>
                    <option value="always">ZTMAP_OPTION_ALWAYS</option>
                    <option value="hourly">ZTMAP_OPTION_HOURLY</option>
                    <option value="daily">ZTMAP_OPTION_DAILY</option>
                    <option value="weekly">ZTMAP_OPTION_WEEKLY</option>
                    <option value="monthly">ZTMAP_OPTION_MONTHLY</option>
                    <option value="yearly">ZTMAP_OPTION_YEARLY</option>
                    <option value="never">ZTMAP_OPTION_NEVER</option>
                </field>
                <field name="prod_priority" type="list" default="-1" label="ZTMAP_VM_PRODUCT_PRIORITY_LABEL" description="ZTMAP_VM_PRODUCT_PRIORITY_DESC">
                    <option value="-1">ZTMAP_OPTION_USE_PARENT_MENU</option>
                    <option value="0.0">0.0</option>
                    <option value="0.1">0.1</option>
                    <option value="0.2">0.2</option>
                    <option value="0.3">0.3</option>
                    <option value="0.4">0.4</option>
                    <option value="0.5">0.5</option>
                    <option value="0.6">0.6</option>
                    <option value="0.7">0.7</option>
                    <option value="0.8">0.8</option>
                    <option value="0.9">0.9</option>
                    <option value="1">1</option>
                </field>
                <field name="prod_changefreq" type="list" default="-1" label="ZTMAP_VM_PRODUCT_CHANGEFREQ_LABEL" description="ZTMAP_VM_PRODUCT_CHANGEFREQ_DESC">
                    <option value="-1">ZTMAP_OPTION_USE_PARENT_MENU</option>
                    <option value="always">ZTMAP_OPTION_ALWAYS</option>
                    <option value="hourly">ZTMAP_OPTION_HOURLY</option>
                    <option value="daily">ZTMAP_OPTION_DAILY</option>
                    <option value="weekly">ZTMAP_OPTION_WEEKLY</option>
                    <option value="monthly">ZTMAP_OPTION_MONTHLY</option>
                    <option value="yearly">ZTMAP_OPTION_YEARLY</option>
                    <option value="never">ZTMAP_OPTION_NEVER</option>
                </field>
            </fieldset>
        </fields>
    </config>
</extension>
