<?xml version="1.0" encoding="iso-8859-1"?>
<!-- $Id$ -->
<extension type="plugin" group="ztmap" version="3.0" method="upgrade">
    <name>Ztmap - Mosets Tree Plugin</name>
    <author>Guillermo Vargas</author>
    <creationDate>07/20/2011</creationDate>
    <copyright>GNU GPL</copyright>
    <license>http://www.gnu.org/copyleft/gpl.html GNU/GPL</license>
    <authorEmail>guille@vargas.co.cr</authorEmail>
    <authorUrl>joomla.vargas.co.cr</authorUrl>
    <version>2.0.2</version>
    <description>ZTMAP_MTREE_PLUGIN_DESCRIPTION</description>
    <files>
        <filename plugin="com_mtree">com_mtree.php</filename>
        <filename>index.html</filename>
    </files>
    <languages folder="language">
        <!--
        these files will be installed in the administrator/language folder.
        -->
        <language tag="en-GB">en-GB.plg_ztmap_com_mtree.ini</language>        
    </languages>
    <config>
        <fields name="params">
            <fieldset name="basic">
                <field name="cats_order" type="list" default="cat_name" label="ZTMAP_SETTING_CATEGORIES_ORDER_LABEL" description="ZTMAP_SETTING_CATEGORIES_ORDER_DESC">
                    <option value="ordering">ZTMAP_SETTING_OPTION_ORDERING_DEFAULT</option>
                    <option value="cat_name">ZTMAP_SETTING_OPTION_ORDERING_NAME</option>
                    <option value="cat_created">ZTMAP_SETTING_OPTION_ORDERING_CREATED</option>
                </field>
                <field name="cats_orderdir" type="list" default="ASC" label="ZTMAP_SETTING_CATEGORIES_ORDER_DIR_LABEL" description="ZTMAP_SETTING_CATEGORIES_ORDER_DIR_DESC">
                    <option value="ASC">ZTMAP_SETTING_OPTION_ORDERING_DIR_ASC</option>
                    <option value="DESC">ZTMAP_SETTING_OPTION_ORDERING_DIR_DESC</option>
                </field>
                <field name="include_links" type="list" default="1" label="ZTMAP_SETTING_SHOW_LISTINGS_LABEL" description="ZTMAP_SETTING_SHOW_LISTINGS_DESC">
                    <option value="0">ZTMAP_OPTION_NEVER</option>
                    <option value="1">ZTMAP_OPTION_ALWAYS</option>
                    <option value="2">ZTMAP_OPTION_XML_ONLY</option>
                    <option value="3">ZTMAP_OPTION_HTML_ONLY</option>
                </field>
                <field name="links_order" type="list" default="ordering" label="ZTMAP_SETTING_LISTINGS_ORDER_LABEL" description="ZTMAP_SETTING_LISTINGS_ORDER_DESC">
                    <option value="ordering">ZTMAP_SETTING_OPTION_ORDERING_DEFAULT</option>
                    <option value="link_name">ZTMAP_SETTING_OPTION_ORDERING_NAME</option>
                    <option value="link_created">ZTMAP_SETTING_OPTION_ORDERING_CREATED</option>
                    <option value="link_modified">ZTMAP_SETTING_OPTION_ORDERING_MODIFIED</option>
                    <option value="link_hits">ZTMAP_SETTING_OPTION_ORDERING_HITS</option>
                </field>
                <field name="entries_orderdir" type="list" default="ASC" label="ZTMAP_SETTING_LISTINGS_ORDER_DIR_LABEL" description="ZTMAP_SETTING_LISTINGS_ORDER_DIR_DESC">
                    <option value="ASC">ZTMAP_SETTING_OPTION_ORDERING_DIR_ASC</option>
                    <option value="DESC">ZTMAP_SETTING_OPTION_ORDERING_DIR_DESC</option>
                </field>
                <field name="max_links" type="text" default="" label="ZTMAP_SETTING_MAX_ENTRIES_LABEL" description="ZTMAP_SETTING_MAX_ENTRIES_DESC" />
                <field name="max_age" type="text" default="" label="ZTMAP_SETTING_LISTINGS_NEWER_THAN_LABEL" description="ZTMAP_SETTING_LISTINGS_NEWER_THAN_LABEL" />
            </fieldset>
            <fieldset name="xml">
                <field name="cat_priority" type="list" default="0.5" label="ZTMAP_MTREE_CATEGORY_PRIORITY_LABEL" description="ZTMAP_MTREE_CATEGORY_PRIORITY_DESC">
                    <option value="-1">ZTMAP_OPTION_USE_PARENT_MENU</option>
                    <option value="0.0">0.0</option>
                    <option value="0.1">0.1</option>
                    <option value="0.2">0.2</option>
                    <option value="0.3">0.3</option>
                    <option value="0.4">0.4</option>
                    <option value="0.5">0.5</option>
                    <option value="0.6">0.6</option>
                    <option value="0.7">0.7</option>
                    <option value="0.8">0.8</option>
                    <option value="0.9">0.9</option>
                    <option value="1">1</option>
                </field>
                <field name="cat_changefreq" type="list" default="weekly" label="ZTMAP_MTREE_CATEGORY_CHANGEFREQ_LABEL" description="ZTMAP_MTREE_CATEGORY_CHANGEFREQ_DESC">
                    <option value="-1">ZTMAP_OPTION_USE_PARENT_MENU</option>
                    <option value="always">ZTMAP_OPTION_ALWAYS</option>
                    <option value="hourly">ZTMAP_OPTION_HOURLY</option>
                    <option value="daily">ZTMAP_OPTION_DAILY</option>
                    <option value="weekly">ZTMAP_OPTION_WEEKLY</option>
                    <option value="monthly">ZTMAP_OPTION_MONTHLY</option>
                    <option value="yearly">ZTMAP_OPTION_YEARLY</option>
                    <option value="never">ZTMAP_OPTION_NEVER</option>
                </field>
                <field name="link_priority" type="list" default="0.5" label="ZTMAP_MTREE_LISTING_PRIORITY_LABEL" description="ZTMAP_MTREE_LISTING_PRIORITY_DESC">
                    <option value="-1">ZTMAP_OPTION_USE_PARENT_MENU</option>
                    <option value="0.0">0.0</option>
                    <option value="0.1">0.1</option>
                    <option value="0.2">0.2</option>
                    <option value="0.3">0.3</option>
                    <option value="0.4">0.4</option>
                    <option value="0.5">0.5</option>
                    <option value="0.6">0.6</option>
                    <option value="0.7">0.7</option>
                    <option value="0.8">0.8</option>
                    <option value="0.9">0.9</option>
                    <option value="1">1</option>
                </field>
                <field name="link_changefreq" type="list" default="weekly" label="ZTMAP_MTREE_LISTING_CHANGEFREQ_LABEL" description="ZTMAP_MTREE_LISTING_CHANGEFREQ_DESC">
                    <option value="-1">ZTMAP_OPTION_USE_PARENT_MENU</option>
                    <option value="always">ZTMAP_OPTION_ALWAYS</option>
                    <option value="hourly">ZTMAP_OPTION_HOURLY</option>
                    <option value="daily">ZTMAP_OPTION_DAILY</option>
                    <option value="weekly">ZTMAP_OPTION_WEEKLY</option>
                    <option value="monthly">ZTMAP_OPTION_MONTHLY</option>
                    <option value="yearly">ZTMAP_OPTION_YEARLY</option>
                    <option value="never">ZTMAP_OPTION_NEVER</option>
                </field>
            </fieldset>
        </fields>
    </config>
</extension>
