<?xml version="1.0" encoding="utf-8"?>
<extension method="upgrade" version="1.5" type="component">
    <name>com_xmap</name>
    <creationDate>2011-04-10</creationDate>
    <author>Guillermo Vargas</author>
    <copyright>This component is released under the GNU/GPL License</copyright>
    <authorEmail>guille@vargas.co.cr</authorEmail>
    <authorUrl>http://www.jooxmap.com</authorUrl>
    <version>2.3.4</version>
    <license>GNU/GPL</license>
    <description>Xmap - Sitemap Generator for Joomla!</description>
    <install folder="admin">
        <sql>
            <file driver="mysql" charset="utf8">install/install.utf8.sql</file>
            <file driver="postgresql" charset="utf8">install/install.postgresql.sql</file>
        </sql>
    </install>
    <uninstall>
        <sql>
            <file driver="mysql" charset="utf8">install/uninstall.utf8.sql</file>
            <file driver="postgresql" charset="utf8">install/uninstall.postgresql.sql</file>
        </sql>
    </uninstall>
    <files folder="front">
        <filename>controller.php</filename>
        <filename>displayer.php</filename>
        <filename>index.html</filename>
        <filename>metadata.xml</filename>
        <filename>router.php</filename>
        <filename>xmap.php</filename>
        <folder>assets</folder>
        <folder>controllers</folder>
        <folder>helpers</folder>
        <folder>models</folder>
        <folder>views</folder>
    </files>
    <languages folder="front/language">
        <language tag="en-GB">en-GB.com_xmap.ini</language>
        <language tag="es-ES">es-ES.com_xmap.ini</language>
        <language tag="fa-IR">fa-IR.com_xmap.ini</language>
        <language tag="cs-CZ">cs-CZ.com_xmap.ini</language>
        <language tag="nl-NL">nl-NL.com_xmap.ini</language>
        <language tag="ru-RU">ru-RU.com_xmap.ini</language>
    </languages>
    <images folder="admin">
        <folder>images</folder>
    </images>
    <administration>
        <menu img="components/com_xmap/images/xmap-favicon.png">COM_XMAP_TITLE</menu>
        <files folder="admin">
            <filename>xmap.php</filename>
            <filename>controller.php</filename>
            <filename>index.html</filename>
            <filename>LICENSE.txt</filename>
            <folder>css</folder>
            <folder>elements</folder>
            <folder>images</folder>
            <folder>install</folder>
            <folder>helpers</folder>
            <folder>controllers</folder>
            <folder>tables</folder>
            <folder>views</folder>
            <folder>models</folder>
        </files>
        <languages folder="admin/language">
            <language tag="en-GB">en-GB/en-GB.com_xmap.ini</language>
            <language tag="en-GB">en-GB/en-GB.com_xmap.sys.ini</language>
            <language tag="es-ES">es-ES/es-ES.com_xmap.ini</language>
            <language tag="es-ES">es-ES/es-ES.com_xmap.sys.ini</language>
            <language tag="fa-IR">fa-IR/fa-IR.com_xmap.ini</language>
            <language tag="fa-IR">fa-IR/fa-IR.com_xmap.sys.ini</language>
            <language tag="cs-CZ">cs-CZ/cs-CZ.com_xmap.ini</language>
            <language tag="cs-CZ">cs-CZ/cs-CZ.com_xmap.sys.ini</language>
            <language tag="nl-NL">nl-NL/nl-NL.com_xmap.ini</language>
            <language tag="nl-NL">nl-NL/nl-NL.com_xmap.sys.ini</language>
            <language tag="ru-RU">ru-RU/ru-RU.com_xmap.ini</language>
            <language tag="ru-RU">ru-RU/ru-RU.com_xmap.sys.ini</language>
        </languages>
        <images folder="admin">
            <folder>images</folder>
        </images>
    </administration>
    <updateservers>
        <server type="extension" priority="1" name="Xmap Update Site">https://raw.github.com/guilleva/Xmap/master/xmap-update.xml</server>
    </updateservers>
</extension>
