<?xml version="1.0" encoding="utf-8"?>
<extension method="upgrade" version="3.0" type="component">
    <name>com_ztmap</name>
    <creationDate></creationDate>
    <author></author>
    <copyright>This component is released under the GNU/GPL License</copyright>
    <authorEmail></authorEmail>
    <authorUrl></authorUrl>
    <version>0.0.5</version>
    <license>GNU/GPL</license>
    <description>Sitemap Generator for Joomla!</description>
    <!-- Database for installation -->
    <install folder="admin">
        <sql>
            <file driver="mysql" charset="utf8">install/install.utf8.sql</file>
            <file driver="postgresql" charset="utf8">install/install.postgresql.sql</file>
        </sql>
    </install>
    <!-- Uninstall -->
    <uninstall>
        <sql>
            <file driver="mysql" charset="utf8">install/uninstall.utf8.sql</file>
            <file driver="postgresql" charset="utf8">install/uninstall.postgresql.sql</file>
        </sql>
    </uninstall>
    <!-- Site -->
    <files folder="front">
	        <filename>bootstrap.php</filename>
        <filename>controller.php</filename>
        <filename>displayer.php</filename>
        <filename>index.html</filename>
        <filename>metadata.xml</filename>
        <filename>router.php</filename>
        <filename>ztmap.php</filename>
        <folder>assets</folder>
        <folder>controllers</folder>
        <folder>helpers</folder>
        <folder>models</folder>
        <folder>views</folder>
    </files>
    <languages folder="front/language">
        <language tag="en-GB">en-GB/en-GB.com_ztmap.ini</language>        
    </languages>
    <images folder="admin">
        <folder>images</folder>
    </images>
    <administration>
        <menu img="components/com_ztmap/images/ztmap-favicon.png">COM_ZTMAP_TITLE</menu>
        <files folder="admin">
	  	        <filename>bootstrap.php</filename>
            <filename>ztmap.php</filename>
            <filename>controller.php</filename>
			<filename>bootstrap.php</filename>
            <filename>index.html</filename>
            <filename>LICENSE.txt</filename>
            <folder>assets</folder>
			<folder>controllers</folder>
            <folder>elements</folder>
			<folder>helpers</folder>    
            <folder>images</folder>
            <folder>install</folder>                    
			<folder>models</folder>
            <folder>tables</folder>
            <folder>views</folder>            
        </files>
        <languages folder="admin/language">
            <language tag="en-GB">en-GB/en-GB.com_ztmap.ini</language>
            <language tag="en-GB">en-GB/en-GB.com_ztmap.sys.ini</language>         
        </languages>
        <images folder="admin">
            <folder>images</folder>
        </images>
    </administration>    
</extension>
