<?xml version="1.0" encoding="iso-8859-1"?>
<extension type="plugin" group="xmap" version="1.6" method="upgrade">
	<name>Xmap - Virtuemart Plugin</name>
	<author>Guillermo Vargas</author>
	<creationDate>January 2012</creationDate>
	<copyright>GNU GPL</copyright>
	<license>http://www.gnu.org/copyleft/gpl.html GNU/GPL</license>
	<authorEmail>guille@vargas.co.cr</authorEmail>
	<authorUrl>joomla.vargas.co.cr</authorUrl>
	<version>2.0.3</version>
	<description>XMAP_VM_PLUGIN_DESCRIPTION</description>
	<files>
		<filename plugin="com_virtuemart">com_virtuemart.php</filename>
		<filename>index.html</filename>
	</files>
	<languages folder="language">
		<!--
		these files will be installed in the administrator/language folder.
		-->
		<language tag="en-GB">en-GB.plg_xmap_com_virtuemart.ini</language>
		<language tag="es-ES">es-ES.plg_xmap_com_virtuemart.ini</language>
		<language tag="fa-IR">fa-IR.plg_xmap_com_virtuemart.ini</language>
		<language tag="cs-CZ">cs-CZ.plg_xmap_com_virtuemart.ini</language>
		<language tag="nl-NL">nl-NL.plg_xmap_com_virtuemart.ini</language>
		<language tag="ru-RU">ru-RU.plg_xmap_com_virtuemart.ini</language>
	</languages>
	<config>
		<fields name="params">
			<fieldset name="basic">
				<field name="include_products" type="list" default="1" label="XMAP_VM_SETTING_SHOW_PRODUCTS_LABEL" description="XMAP_VM_SETTING_SHOW_PRODUCTS_DESC">
					<option value="0">XMAP_OPTION_NEVER</option>
					<option value="1">XMAP_OPTION_ALWAYS</option>
					<option value="2">XMAP_OPTION_XML_ONLY</option>
					<option value="3">XMAP_OPTION_HTML_ONLY</option>
				</field>
				<!-- not yet supported on Xmap 2
				<field name="include_product_images" type="list" default="0" label="Include Product Images" description="Should we include product images in the sitemap?">
					<option value="0">No</option>
					<option value="1">Yes</option>
				</field>
				<field name="product_image_license_url" type="text" default="" label="Image License URL" description="URL of a page giving the license for images included in your sitemap"/>
				-->
			</fieldset>
			<fieldset name="xml">
				<field name="cat_priority" type="list" default="-1" label="XMAP_VM_CATEGORY_PRIORITY_LABEL" description="XMAP_VM_CATEGORY_PRIORITY_DESC">
					<option value="-1">XMAP_OPTION_USE_PARENT_MENU</option>
					<option value="0.0">0.0</option>
					<option value="0.1">0.1</option>
					<option value="0.2">0.2</option>
					<option value="0.3">0.3</option>
					<option value="0.4">0.4</option>
					<option value="0.5">0.5</option>
					<option value="0.6">0.6</option>
					<option value="0.7">0.7</option>
					<option value="0.8">0.8</option>
					<option value="0.9">0.9</option>
					<option value="1">1</option>
				</field>
				<field name="cat_changefreq" type="list" default="-1" label="XMAP_VM_CATEGORY_CHANGEFREQ_LABEL" description="XMAP_VM_CATEGORY_CHANGEFREQ_DESC">
					<option value="-1">XMAP_OPTION_USE_PARENT_MENU</option>
					<option value="always">XMAP_OPTION_ALWAYS</option>
					<option value="hourly">XMAP_OPTION_HOURLY</option>
					<option value="daily">XMAP_OPTION_DAILY</option>
					<option value="weekly">XMAP_OPTION_WEEKLY</option>
					<option value="monthly">XMAP_OPTION_MONTHLY</option>
					<option value="yearly">XMAP_OPTION_YEARLY</option>
					<option value="never">XMAP_OPTION_NEVER</option>
				</field>
				<field name="prod_priority" type="list" default="-1" label="XMAP_VM_PRODUCT_PRIORITY_LABEL" description="XMAP_VM_PRODUCT_PRIORITY_DESC">
					<option value="-1">XMAP_OPTION_USE_PARENT_MENU</option>
					<option value="0.0">0.0</option>
					<option value="0.1">0.1</option>
					<option value="0.2">0.2</option>
					<option value="0.3">0.3</option>
					<option value="0.4">0.4</option>
					<option value="0.5">0.5</option>
					<option value="0.6">0.6</option>
					<option value="0.7">0.7</option>
					<option value="0.8">0.8</option>
					<option value="0.9">0.9</option>
					<option value="1">1</option>
				</field>
				<field name="prod_changefreq" type="list" default="-1" label="XMAP_VM_PRODUCT_CHANGEFREQ_LABEL" description="XMAP_VM_PRODUCT_CHANGEFREQ_DESC">
					<option value="-1">XMAP_OPTION_USE_PARENT_MENU</option>
					<option value="always">XMAP_OPTION_ALWAYS</option>
					<option value="hourly">XMAP_OPTION_HOURLY</option>
					<option value="daily">XMAP_OPTION_DAILY</option>
					<option value="weekly">XMAP_OPTION_WEEKLY</option>
					<option value="monthly">XMAP_OPTION_MONTHLY</option>
					<option value="yearly">XMAP_OPTION_YEARLY</option>
					<option value="never">XMAP_OPTION_NEVER</option>
				</field>
			</fieldset>
		</fields>
	</config>
</extension>
