<?xml version="1.0" encoding="UTF-8"?>
<extension type="plugin" group="xmap" version="2.5" method="upgrade">
    <name>XMAP_PLUGIN_K2</name>
    <author>Mohammad Hasani Eghtedar</author>
    <creationDate>November 2011</creationDate>
    <copyright>GNU GPL</copyright>
    <license>http://www.gnu.org/copyleft/gpl.html GNU/GPL</license>
    <authorEmail>m.h.eghtedar@gmail.com</authorEmail>
    <authorUrl>https://github.com/mhehm/Xmap</authorUrl>
    <version>1.3</version>
    <description>XMAP_PLUGIN_K2_DESC</description>
    <files>
        <filename plugin="com_k2">com_k2.php</filename>
        <filename>index.html</filename>
    </files>
    <languages folder="language">
        <language tag="en-GB">en-GB/en-GB.plg_xmap_com_k2.ini</language>
        <language tag="en-GB">en-GB/en-GB.plg_xmap_com_k2.sys.ini</language>
        <language tag="fr-FR">fr-FR/fr-FR.plg_xmap_com_k2.ini</language>
        <language tag="fr-FR">fr-FR/fr-FR.plg_xmap_com_k2.sys.ini</language>
        <language tag="fa-IR">fa-IR/fa-IR.plg_xmap_com_k2.ini</language>
        <language tag="fa-IR">fa-IR/fa-IR.plg_xmap_com_k2.sys.ini</language>
    </languages>
    <config>
        <fields name="params">
            <fieldset name="basic">
                <field name="subcategories" type="list" default="no" label="XMAP_K2_FOLLOW_SUBCATEGORIES" description="XMAP_K2_FOLLOW_SUBCATEGORIES_DESC">
                    <option value="yes">JYES</option>
                    <option value="no">JNO</option>
                </field>
                <field name="showk2items" type="list" default="always" label="XMAP_K2_SHOW_ITEMS_LABEL" description="XMAP_K2_SHOW_ITEMS_LABEL_DESC">
                    <option value="0">XMAP_OPTION_NEVER</option>
                    <option value="1">XMAP_OPTION_ALWAYS</option>
                    <option value="2">XMAP_OPTION_XML_ONLY</option>
                    <option value="3">XMAP_OPTION_HTML_ONLY</option>
                </field>
                <field name="suppressdups" type="list" default="no" label="XMAP_K2_SUPRESS_DUPLICATES" description="XMAP_K2_SUPRESS_DUPLICATES_DESC">
                    <option value="yes">JYES</option>
                    <option value="no">JNO</option>
                </field>
            </fieldset>
            <fieldset name="xml">
                <field name="priority" type="list" default="0.5" label="XMAP_K2_PRIORITY" description="XMAP_K2_PRIORITY_DESC">
                    <option value="-1">XMAP_OPTION_USE_PARENT_MENU</option>
                    <option value="0.0">0.0</option>
                    <option value="0.1">0.1</option>
                    <option value="0.2">0.2</option>
                    <option value="0.3">0.3</option>
                    <option value="0.4">0.4</option>
                    <option value="0.5">0.5</option>
                    <option value="0.6">0.6</option>
                    <option value="0.7">0.7</option>
                    <option value="0.8">0.8</option>
                    <option value="0.9">0.9</option>
                    <option value="1">1</option>
                </field>
                <field name="changefreq" type="list" default="weekly" label="XMAP_K2_CHANGEFREQ_LABEL" description="XMAP_K2_CHANGEFREQ_LABEL_DESC">
                    <option value="-1">XMAP_OPTION_USE_PARENT_MENU</option>
                    <option value="always">XMAP_OPTION_ALWAYS</option>
                    <option value="hourly">XMAP_OPTION_HOURLY</option>
                    <option value="daily">XMAP_OPTION_DAILY</option>
                    <option value="weekly">XMAP_OPTION_WEEKLY</option>
                    <option value="monthly">XMAP_OPTION_MONTHLY</option>
                    <option value="yearly">XMAP_OPTION_YEARLY</option>
                    <option value="never">XMAP_OPTION_NEVER</option>
                </field>
            </fieldset>
        </fields>
    </config>
</extension>
